,subreddit,title
0,DunderMifflin,How‚Äôs my favorite subreddit doing?
1,BlackPeopleTwitter,He stole a grain of sugar and initiated that war.
2,Damnthatsinteresting,Mechanical binary counter.
3,PoliticalHumor,Let‚Äôs make this happen
4,nottheonion,Half of Facebook users say they don't understand how news feed works
5,politics,Furious Trump trapped by hundreds of Woodward tapes
6,nevertellmetheodds,The way this Rubik's cube landed
7,funny,My daughter had a math test at school. Time to switch schools.
8,movies,Stanley Kubrick‚Äôs '2001: A Space Odyssey' - All 611 Shots
9,pics,Probably the Dutchest picture of Holland I've ever taken [OC]
10,aww,When a meatball falls out of the pan
11,BikiniBottomTwitter,"Good job, they still have your money and now you‚Äôre out of a pair of socks"
12,technology,Ajit Pai Is Suddenly Very Concerned About Whether Tech Companies Are Censoring Conservatives
13,gaming,The magic behind ustwo Games' Monument Valley
14,photoshopbattles,PsBattle: This cat in a box
15,AbsoluteUnits,absolute fudginh unit
16,nostalgia,Cross-section books from the 90's
17,AskReddit,"Einstein said ‚ÄúIf you can't explain it to a six year old, you don't understand it yourself.‚Äù How would you explain your job?"
18,me_irl,me irl
19,Art,"The Pirates Retreat, Voxel art, 2048x1600px"
20,CrappyDesign,Why is the phone inside the photo?
21,funny,Aquaman everyone
22,MemeEconomy,Dont know if this has already been posted but here ya go
23,BoJackHorseman,It's true.
24,Wellthatsucks,When she served the divorce papers she said she was fine splitting everything down the middle
25,nonononoyes,golden retrievers are brutal killing machines
26,BetterEveryLoop,Gets better every time
27,lego,Finally got invisibility cloak Harry to complete the set
28,memes,‚ÄòTis the clobbering hour
29,thanosdidnothingwrong,Costume party
30,ProgrammerHumor,It's almost certain it will be worth it..
31,blackmagicfuckery,Hold up
32,interestingasfuck,Do you want Green Goblins? Cause that's how you get Green Goblins.
33,science,"One man's bipolar symptoms have been linked to the lunar cycle. Typically, our circadian rhythm (biological clock) is linked to the sun, but this patient's circadian rhythm was also linked to the moon. Every new moon, he experienced insomnia and switched from a depressive episode to a manic episode."
34,UnethicalLifeProTips,ULPT: Don't want to spend a small fortune on a wedding ring? Buy an old wedding ring at a pawn shop and say that it was your grandmothers ring. This will give it more sentiment and value than a new ring.
35,politics,The Kavanaugh Nomination Must Be Paused. And He Must Recuse Himself.
36,insanepeoplefacebook,"Because vaccines are bad, no matter what."
37,FortNiteBR,Launch Pad | Default Diaries #010
38,HighQualityGifs,The Lurker who became a Shitposter. The Shitposter who became a Giffer. The Giffer who defied a Moderator....
39,worldnews,"Another mayor in the Philippines shot dead inside his own office at the town hall on Wednesday, September 5 making him the 11th mayor shot dead under President Duterte's Administration"
40,gaming,"Dark Souls 3 is hard? Nah, just avoid all your problems by going to sleep."
41,NatureIsFuckingLit,üî• Mountain Goat chillin
42,todayilearned,"TIL that Ahmed Best, the actor who played Jar-Jar Binks, considered suicide after the backlash and hatred for the character"
43,CasualUK,We're all kids at heart
44,teenagers,The new generation won‚Äôt be able to witness the childhood we had .
45,tifu,TIFU by not locking the bathroom door
46,Whatcouldgowrong,"Touching a bear, WCGW."
47,RealGirls,[19f] I wonder how many people realise I don‚Äôt wear underwear 96% of the time
48,wow,"A warrior came up to me randomly whilst I was killing a mob, I feel violated"
49,HistoryMemes,Well...
50,2meirl4meirl,2meirl4meirl
51,PrequelMemes,He is a bold one
52,dankmemes,Bastard knew all along
53,news,Boston police captain's son faces 20 years for terror plot
54,Eyebleach,"24 hours ago we were struggling. Since introducing this stuffed rooster, it‚Äôs been going well."
55,Jokes,"Two high school graduates are discussing their future college plans. The first says ""I'm planning on going into farming, it's what my father did and it makes good money."" The second asks ""What type of farming? Wheat, corn, livestock?"""
56,oddlysatisfying,These whipped cream layers
57,im14andthisisdeep,rip scooby doo
58,pawg,Danni
59,GetMotivated,[Image] It's never too late for anything
60,Unexpected,Normal day in Russia.
61,woahdude,Lucid dreaming
62,pokemon,Registeel and Reuniclus fusion (first I made in years :O)
63,dogswithjobs,They are advancing
64,wholesomememes,Wholesome icebreakers
65,PewdiepieSubmissions,[INDIAN PEWDIEPIE] Pewds is secretly Indian and owns T-Series. HERE IS HIS REAL FACE as an Indian.
66,boottoobig,Does this count?
67,dank_meme,When ur phone is at 100% but u keep charging it........
68,greentext,Anon saw a superhero
69,harrypotter,"J.K. Rowling tweets: ""Harry Potter was first published in the US 20 years ago today, so I‚Äôm sending lots of love to American Potterheads, who‚Äôve given me some of the most memorable moments of my Potter-related life!"""
70,Futurology,"Soaring bankruptcy rates signal a 'coming storm of broke elderly,' study finds: The rate of people 65 and over filing for bankruptcy grew nearly 204 percent from 1991 to 2016."
71,CringeAnarchy,So brave.
72,NintendoSwitch,Nintendo Direct 09 06 2018
73,JoeRogan,Elon Musk will be on JRE on thursday!
74,KenM,Ken M on map dating
75,natureismetal,Lions playing with their lunch
76,PeopleFuckingDying,PSYChotIc KiTteN usEs tHE dEAD body OF hEr viCtIM tO KeEP wARM
77,woooosh,Instagram is a gooooldminneeeeee
78,MapPorn,35 place names in Iceland that will help you understand what dyslexia feels like
79,cursedimages,Cursed_mobility
80,AnimalsBeingBros,üêï Best friends üêã
81,NSFW_GIF,Hot
82,pics,"At this point, sure"
83,sports,25 years ago today one-handed pitcher Jim Abbott threw a no-hitter.
84,SpidermanPS4,Graphics Comparison üò±
85,funny,Get a Tan
86,Jokes,My wife is upset because I had ‚ÄúI Love You‚Äù tattoo‚Äôd on my penis
87,dankmemes,Microsoft what?
88,gifs,Keanu Reeves is awesome
89,EarthPorn,"Somewhere along my van travels, Iceland (800 √ó 1000)"
90,politics,Support for Republicans and for Kavanaugh crumbles
91,science,"A new study of 100 hunter-gatherers cultures suggests team-based play fighting, found only in humans, builds up the skills used in lethal raiding, and team sports may have evolved because it improved the coordination and motor skills used in warfare."
92,gaming,Found a picture of me in 2002 playing Spider-Man on the PC
93,RocketLeague,Never done anything more calculated
94,KidsAreFuckingStupid,How do they not know
95,Tinder,Did I just meet my wife?
96,MealPrepSunday,It‚Äôs not Sunday but I smashed out 50 chicken and garlic wontons to pop in the freezer ü•üüçú
97,AdviceAnimals,The early duckling
98,todayilearned,"TIL the children's cartoon Arthur is still producing new episodes and is on its 21st season, and has been running longer than South Park"
99,smoobypost,smoobyOP
100,aww,My first pet
101,OSHA,Unsafe &amp; Dangerous gif
102,WhatsWrongWithYourDog,he not thirsty
103,disneyvacation,How to tell what your psychiatrist is really thinking about in therapy
104,nononono,TIL that graphite is VERY conductive
105,GlobalOffensive,And so it begins
106,comics,Google Dino's extinction [OC]
107,WhitePeopleTwitter,I do not negotiate with squid
108,trebuchetmemes,It's in our blood.
109,lotrmemes,Meats back on the Menu boys
110,tippytaps,"I was told you‚Äôd enjoy my newest kit cat, Padme!"
111,4PanelCringe,You don‚Äôt want anyone stealing your hilarious meme
112,shittyreactiongifs,When I enjoyed the first episode.
113,Rainbow6,Haters will say it's fake
114,tumblr,Appreciation
115,therewasanattempt,To do my first ever post on Reddit
116,DestinyTheGame,"I'm fine with infusion being costly, but Masterwork cores should not be part of it."
117,powerwashingporn,Clearing hard set cement paste from cast iron pipe with double ended nozzle
118,soccer,Harry Maguire admits he doesn't understand the UEFA Nations League despite Gareth Southgate's best efforts to explain it to the squad
119,BeAmazed,These books with beautiful illustrations hidden along their edges
120,hmmm,hmmm
121,thisismylifenow,Well i guess i can't get up now
122,iamatotalpieceofshit,"Fuck. This. Woman. Dogs can‚Äôt comprehend shit, and apparently neither can you"
123,happycowgifs,Licks vs. Noms Love
124,youseeingthisshit,Bobble head
125,ofcoursethatsathing,A website that generates fake names for Benedict Cumberbatch
126,anime_irl,anime_irl
127,rickandmorty,What the hell Rick
128,AccidentalRacism,Studying ‚Äúchemistry‚Äù
129,dataisbeautiful,[OC] Map showing the 7.8 million foreclosed homes by state
130,UpliftingNews,"Cities may not prosecute homeless people for sleeping outside if they have no access to shelter, appeals court rules"
131,madlads,Found on Wendy‚Äôs Twitter
132,wholesomebpt,The truth is the truth...
133,instant_regret,Let's impress this girl.
134,apple,"In customer survey, better battery life tops list of most wanted iPhone features, ‚Äòremove the notch‚Äô comes dead last"
135,bestof,/u/GavinShipman explains British binge drinking culture
136,WritingPrompts,"[WP] They killed his hound, and stolen his steed. The rogue knight returns from retirement to teach them a lesson. He was known as the man you call to kill the shadow itself, and he was known as John, the Wicked."
137,MostBeautiful,"Toketee Falls, Oregon"
138,DeepFriedMemes,this is so sad! can we hit 100 whips and nae naes
139,worldnews,Salisbury poisoning: Two Russians charged with conspiracy to murder over Novichok attack
140,Awwducational,"The fennec is the smallest species of canid and mainly lives in desertic areas. Its coat, ears, and kidney functions have adapted to high-temperature, low-water, desert environments"
141,Justfuckmyshitup,Just gimme that Joe Dirt special
142,mildlyinteresting,This gym that used to be a bank
143,quityourbullshit,Guy has one post and it‚Äôs a blatant repost
144,ATBGE,Watch your back
145,MovieDetails,"At the end of The Matrix, Neo makes a call to the machines from a phone booth. Two movies later, Neo and Agent Smith are seen falling from the sky and collide with the ground at the same intersection as the phone booth from the end of the first Matrix; the phone booth can be seen in the background."
146,ChoosingBeggars,"Earlier in the summer, I offered my AC for free after upgrading mine."
147,MarchAgainstTrump,"Trump, acting like a child with poor impulse control, has now tweeted four separate times in the past several hours that Secretary of Defense James Mattis never said he acted like a child with poor impulse control."
148,IdiotsInCars,"This guy was holding his cell phone in his left hand, and a magnifying glass in his right hand so he could read his cell phone.. while driving.. with headphones in both ears."
149,news,Emirates superjumbo jet quarantined at JFK after 100 passengers fall ill
150,notinteresting,Two guys walk into a bar
151,niceguys,PRAISE THE CARD OF TRUTH!
152,aww,It's hard to work with a cat around
153,WhitePeopleTwitter,Gotcha
154,trashy,So basically she‚Äôs a pedo
155,EngineeringPorn,The perfect bottle to take on a trip.
156,esist,"Trump, acting like a child with poor impulse control, has now tweeted four separate times in the past several hours that Secretary of Defense James Mattis never said he acted like a child with poor impulse control."
157,interestingasfuck,How to take a professional picture
158,freefolk,A happy little me.
159,BustyPetite,Graduation day
160,FunnyandSad,This hits home
161,absolutelynotme_irl,Absolutelynotmeirl
162,SquaredCircle,"JR recalls a time Brian Pillman urged to speak privately: ‚ÄúWe went to the shower area and I said, ‚ÄòWhat‚Äôs the problem?‚Äô He swung the door to the stall open, and in that commode was the longest uninterrupted piece of human waste known to man. If it wasn‚Äôt 18 inches long, I‚Äôm not wearing a black hat!‚Äù"
163,inthesoulstone,Where is it?!?!
164,calvinandhobbes,The worst thing I‚Äôve read today
165,oddlysatisfying,They way they fit together.
166,mildlypenis,Berry nice
167,Amateur,The wedding I just came [f]rom made me horny
168,softwaregore,That's an interesting rating...
169,Overwatch,I see your broken Roadhog hook... and raise you TWO broken Roadhog hooks!
170,nba,"[Steve Nash] ""Team Kaepernick"""
171,tumblr,These kids are going places
172,Fuckthealtright,"Silencing athletes is a way of asserting that their opinions don‚Äôt matter as much as yours. Imagine telling Jackie Robinson, Muhammad Ali, Sandy Koufax, Billie Jean King or Jesse Owens to shut up and focus on their sport?"
173,The_Donald,Just being Antifa
174,tf2,The Old Days
175,Bossfight,"Black Goblin, The Hovering Menace"
176,standupshots,A theorem
177,Frugal,"Our canning haul for the year, still have to do apples yet. All home grown veggies."
178,likeus,Racoon demonstrates problem solving skills
179,PUBATTLEGROUNDS,PLAYERUNKNOWN'S BATTLEGROUNDS :: PC 1.0 Update #21
180,marvelstudios,Captain Marvel Content Tomorrow at 9 AM PST/12 PM EST.
181,pics,"Friend bought a used phone, found this picture on it"
182,zelda,Rupee paperweights. The chest makes the discovery sound when opened.
183,WTF,Drinking tea and browsing reddit when this homeless guy walks up to my table to snort coke.
184,Idubbbz,"Here‚Äôs a far from perfect loop of Ian and Max dancing around a pole from an old vlog from back in the day that I drew, total of 30 or so frames, it‚Äôs not perfect but I hope you all like it :)"
185,coolguides,Where should you pee?
186,fakehistoryporn,German aryan sees a lower race (1934 colorized)
187,Tendies,Chaddy daddy proved to me that i wasnt big boned reeeeeeee
188,itookapicture,ITAP of a Cirque Du Soleil performer doing a flip at an abandoned mental hospital
189,MadeMeSmile,This creepy neighbor.
190,Cyberpunk,He is the R E A L Cyberpunk
191,CatastrophicFailure,"House nearly spilt in half by crane in Baldwin Park, FL"
192,dankmemes,It really do be like that sometimes.
193,2healthbars,Mask Effect
194,nsfw,Adorable masturbator
195,CatsStandingUp,Cat.
196,baseball,‚ÄúWORLDS ARE COLLIDING!‚Äù
197,surrealmemes,fAÕóÕ•ÕÑÃëÕïÃúÃ©Ã†Ã†Ã≠RÕ°ÃªÃ†Ã™ÕÖÕÖÃπÃ§EÃáÃÖÃ∑ÕâÕñÃùwell
198,leagueoflegends,"Since the recent nerfs, Yorick has lost over 20% of his player-base while still dominating the low ELO brackets"
199,GifRecipes,Mini Baked Camembears
200,BikiniBottomTwitter,"Eh, it‚Äôs fine"
201,todayilearned,"TIL that during screenings of the 1959 film The Tingler, - a film about a creature a creature that gets inside a person‚Äôs spine, causing them to feel a tingling which can only be stopped by screaming - buzzers were placed in random seats that caused the audience to feel tingling during the film."
202,crappyoffbrands,It was $1. I couldn‚Äôt resist.
203,WatchItForThePlot,Eva Green in Camelot (TV Series 2011) [S01E02]
204,Superbowl,The most beautiful Owl
205,Baking,I baked a ‚ÄúPrincess Jasmine‚Äù Apple Pie
206,BlueMidterm2018,Politico race ratings: 60 GOP House seats in danger
207,geek,Mechanical binary counter
208,asstastic,"(f) not gonna lie, I do love my butt"
209,KeanuBeingAwesome,Keanu‚Äôs Animated Legacy
210,confusing_perspective,My view is a floating volcano
211,technicallythetruth,That really massachu-sets me off
212,celebnsfw,Carice van Houten turns 42 today
213,LegalTeens,Omg this is hot af
214,SuddenlyGay,Hol'up
215,wow,‚ÄúDruid LF Raiding guild‚Äù
216,AnimalsBeingDerps,Stretching and derping
217,smashbros,"New Smash Blog Post! (9/4/2018) ""Today's Stage - Final Destination - Though this is a simple stage, with no stage hazards or floating platforms, the background has been updated for this game. Make sure you don't get too distracted and get defeated!"""
218,EarthPorn,"A very green Gobi desert due to a lot of rain this year. Gazriin Chuluu National Park, Mongolia [OC] [1920x1080]."
219,Warframe,Mum said it's my turn on the xbox..
220,AsiansGoneWild,(f/19) I might have a petite frame but you can still throw me around in bed :)
221,YouShouldKnow,"YSK that even if you have an emergency window breaking tool, it is nearly impossible to break a modern car window if you hit the center. Hit the corner in order to break it."
222,legaladvice,"My immigrant, deaf father was choked, body-slammed, arrested and had his sentry card taken away at the border for failing to comply to an audible demand. I want a copy of the video and his sentry card back."
223,TheSimpsons,My eyes! The goggles do nothing!
224,PixelArt,Save point animation
225,gay_irl,Gay_Irl
226,rarepuppers,Cannot contain the wiggles
227,carporn,Centenario &amp; The Wild West
228,FortNiteBR,I may know all 7 rune locations..
229,AskOuija,"If you hit the age of 40 without losing your virginity, you become a _________!"
230,food,[Homemade] Truffle garlic cheese fries with beer cheese dip
231,politics,"Eight Times Ron DeSantis ""Accidentally"" Did Racist Stuff"
232,funny,But smart tho
233,greentext,Anon Drops His Phone
234,forbiddensnacks,The forbidden spices
235,suicidebywords,Man down
236,StardewValley,im in a long distance relationship with my bf and we used to play stardew valley together. this is a pic of us... &lt;3
237,PublicFreakout,"""Tough"" chick destroys property and punches a man then immediately plays victim when she gets hit back."
238,bonehurtingjuice,Oof owie my severe illness
239,space,Brazil's Biggest Meteorite Survives Museum-Destroying Fire
240,Zoomies,On the spot zoomies??
241,shittyrainbow6,"Getting removed from a match due to internet sucks, man."
242,DestinyTheGame,The spiky servitor boys are my favorite ally in Destiny.
243,europe,"W√ºrzburg and its elaborate defenses in 1723, Germany"
244,AccidentalWesAnderson,A private bowling alley
245,BlackPeopleTwitter,The truth is the truth...
246,ANormalDayInRussia,Im just going to pour this in the sewer
247,meirl,Meirl
248,math,"Learning about elliptic integrals, thought I'd edit a classic."
249,AbandonedPorn,"Abandoned House Full of Sand in the Town of Kolmanskop, Namibia by Andrey Omelyanchuk (2017) [1600x1068] (further links in comments)"
250,oldpeoplefacebook,She only just replied
251,blunderyears,Super bleached hair and puka shell necklace. Late 90‚Äôs.
252,OTMemes,Nooooooooooooo
253,kpop,Girls' Generation-Oh!GG - Î™∞ÎûêÎãà (Lil‚Äô Touch)
254,DDLC,Falling asleep after a long day (by Á∂æÂüéÂ§ßÁ¶è)
255,PornhubComments,i can't blame him
256,ChildrenFallingOver,Gotta love the foam pit!
257,destiny2,Basically how I feel with the new Infusion System now...
258,gardening,The spoils of months of hard work and tender care.
259,Showerthoughts,"Since we sent robots to Mars before sending humans,isn‚Äôt it possible that the first extraterrestrials that we encounter on earth could not be the aliens themselves, but might be their technology instead."
260,memes,Snoop Drawed
261,mildlyinfuriating,This is next level annoying.
262,LateStageCapitalism,ü§∑üèº‚Äç‚ôÇÔ∏è
263,HistoryMemes,To be fair to the French they didn't expect the Germans to come through the Ardennes
264,NintendoSwitch,"Rumour: Yet Another Nintendo Direct To Air Tomorrow, Switch Online Details Incoming?"
265,BokuNoHeroAcademia,"Float girl, friend to broccoli child. Graphite and micron."
266,lostredditors,I‚Äôm crying.
267,ImaginaryMonsters,The Storm Queen by Aaron Nakahara
268,ireland,We have officially peaked as a country
269,Autos,Ferrari F430 Scuderia
270,BiggerThanYouThought,ferocious sleeper titties....unbound
271,WhitePeopleTwitter,Avocado time
272,CozyPlaces,Vermont. üíóüíó
273,mildlyinteresting,My mom's self portrait of herself painting while floating in a kayak.
274,techsupportgore,"Dear HP, thank you for making monitors that all fail a month before they're out of warranty. Kind regards, sysadmin"
275,gamegrumps,Proud of him
276,Nicegirls,We just had coffee lol
277,creepyasterisks,Found on me_irl (sorry for the battery life)
278,BabyCorgis,Bentley's smile lights up every single room
279,thatHappened,Illegal Existence
280,The_Donald,WHO COULD'VE PREDICTED THIS!
281,wowthanksimcured,Just ignore the world
282,witcher,do you bleed?
283,AnimalsBeingJerks,Old farmer cat gets his spot challenged by the new one
284,MaliciousCompliance,‚ÄúTools are for using!‚Äù...as they were intended to be used.
285,rupaulsdragrace,Kimberly ‚ÄúShade‚Äù Chi goes in for the kill in a reply to Eureka
286,oddlysatisfying,A bullet shot through a ballistic gel
287,2007scape,Old School Mobile: Release Date Announcement
288,IASIP,Was watching Reno 911! When I saw this lovely incestual couple
289,Catloaf,Loaf decided unpacking isn't an option
290,aww,Your Uber has arrived
291,reactiongifs,The NFL to Nike right now.
292,DnD,"[ART] Our bustling lil homebrew dock town, Rhalloran!"
293,fantasyfootball,"[Tucker]: From a business perspective, Le'Veon Bell smart to show up Friday or Saturday so he still gets his $855K but Steelers don't play him Sunday."
294,assholedesign,"Despite paying $11.99/month for YouTube Premium which features ad-free browsing, I'm still getting paid shows that I've never watched on YouTube advertised to me on my home screen."
295,HumansBeingBros,"A doctor made a ""special prescription"" for an illiterate patient."
296,DunderMifflin,"TIL: Bryan Cranston directed a The Office episode (""Work Bus"")"
297,Documentaries,China's Waste Ban Is Causing A Trash Crisis In The U.S. (HBO)(2018)
298,thalassophobia,This painting in my AirBNB bedroom...
299,ass,Good morning! I've got breakfast made ready for you ‚ù§Ô∏è
300,australia,Today while riding my skateboard i was victim to a savage attack
301,travel,"Hiking in the Parvati Valley, India. May 2018"
302,TinyTits,Super Slender
303,GamersRiseUp,HAHA Veronica! Now I have a hot bunny gf üê∞üê∞üê∞ (whos the loser now ey?)
304,rearpussy,Mia
305,DIY,I Made a Dog Bed from an Oak Whiskey Barrel
306,Animemes,"The sacrifices to reach 200,000"
307,greatawakening,Make this go viral kids!
308,news,Georgia voters watch their ballots mysteriously switch
309,MadeMeSmile,Officer pumping up kids for their first day back at school
310,brooklynninenine,Oregon Trail
311,thesims,My happy place üòç
312,iamverysmart,My friend got send this by a guy she rejected
313,dankmemes,SOMEBODY
314,HighQualityGifs,The day after your Fifth Element GIF makes it to the Front Page
315,MMA,Dan Hooker to face Edson Barboza at UFC Milwaukee
316,NoMansSkyTheGame,Actual Photo of Hello Games' Online Discovery Server Cluster
317,drunk,Biggest double standard
318,evilbuildings,"Gardens by the Bay, Singapore"
319,Eminem,SameüòÇ
320,PewdiepieSubmissions,Guessing time
321,Badfaketexts,Hmmm
322,Breath_of_the_Wild,He bought the phone from a member of the Yiga Clan?
323,videos,"Eminem may have dropped a new album, but NEVER forget who The Baddest is."
324,interestingasfuck,Character customisation on the go/cup.
325,todayilearned,"TIL that the Hiroshima Flame of Peace was lit on 1st August 1964 in hope of a world without nuclear weapons, and it will continue to burn until nuclear weapons are abolished worldwide"
326,vegan,He got us there
327,Drugs,You guys are the unsung heroes of the youth
328,soccer,"The Premier League will trial VAR at 15 matches this season ‚Äì starting after the international break, Sky Sports News understands"
329,marvelstudios,"Showerthought: when Wong makes his Infinity Stone presentation to Stark, he intentionally leaves out the Time Stone so Strange can show it off. Wong is Strange's hype man."
330,thick,Little bit of lace. Little bit of curls. Lots a bit of tits and curves.
331,startrekgifs,MRW I see people burning their Nike shoes in protest
332,FellowKids,On my teacher's wall on the first day
333,lotr,The Pillars of Kings framed lithograph
334,RussiaLago,Britain charges two Russians with attempted murder of ex-spy with nerve agent
335,OopsDidntMeanTo,Dude hits on someone and gets called out on it publicly.
336,catpranks,R/C car
337,BikiniBottomTwitter,For whoever is the one millionth subscriber...
338,holdmyredbull,HMRB while I do construction work without a harness in a skyskraper
339,suicidegirls,Loulux
340,trees,My smoke spot last Thursday. Blowing 96% thc distillate on the fan deck while watching the Seahawks.
341,politics,"The president refers to his attorney general as ""mentally retarded,"" and according to Woodward said, ""He's this dumb Southerner."""
342,thanosdidnothingwrong,Infinity War plot in a nut shell
343,tattoos,"Boar, done by Casper Macabre at Black Rabbit Tattoo Studio, Port Moody, B.C."
344,The_Mueller,Ex-Trump Lawyer Told Mueller That Trump Is Too Dumb to Testify
345,Competitiveoverwatch,"[Mickie] ""This is the reason why he (INTERNETHULK) picked me up ;-;"""
346,NatureIsFuckingLit,üî• Here's some quality lava for you guys
347,AskWomen,"Ladies, lets say you invited a guy you've been dating for a few weeks over to your place. Hypothetically, what would be the least awkward way for him to ask where the plunger is?"
348,ImaginaryLandscapes,France by Guillem Pongiluppi
349,gadgets,"Xbox Adaptive Controller, designed for people with disabilities, is now available for ‚Ç¨90 in 17 European countries"
350,CFB,"Under new Citadel plan, cadets can now buy beer at home football games"
351,PS4,Insomniac‚Äôs PS4 Spider-Man is the First Game to Earn Marvel‚Äôs Seal of Approval
352,MilitaryPorn,"The HMS Invincible returns from the Falklands after the conclusion of the war. June, 1982. [3148x2361]"
353,sbubby,Class room white board
354,holdthemoan,being sneak in the woods [gif]
355,lgbt,True
356,starterpacks,Old settings that are nostalgic even if you never experienced them starter pack
357,funny,The Circle of Life
358,perfectloops,Peeling the t[A]pe
359,SlyGifs,"‚Äúnow for real, please...‚Äù"
360,Celebs,Carice van Houten just turned 42
361,DotA2,Fortune's END RAINS FROM ABOVE
362,corgi,Gonna gets me an edumacation boye
363,gaming,One of my Friend paintings tell him what you think
364,ImGoingToHellForThis,Jet fuel doesn‚Äôt melt steel beams
365,grandorder,After the workout
366,gentlemanboners,Emmy Rossum
367,deadbydaylight,I tried retexturing The Shape¬¥s mask to look like the new one.
368,AskReddit,AskReddit has reached 20 million subscribers!
369,Gamingcirclejerk,I literally cannot stop cumming!
370,maybemaybemaybe,Maybe Maybe Maybe
371,FortNiteBR,[UPDATE] Epic sent a supply for the young boy in my previous post. Today I delivered it and he loved it! More details in comments!
372,eu4,My queen is very pretty
373,PandR,Looks like Mark is doing well after his terrible fall into Municipal Lot #48.
374,palegirls,Silly and ridiculously sexy
375,Eyebleach,Ellie Mae helping my anxiety by placing her throat over my ear so I can hear her breathing. It calms me like nothing else and means less meds!
376,Memes_Of_The_Dank,.
377,ginger,Should probably get out of this robe and get dressed soon... or should I just get out of it? (OC) üíï
378,CitiesSkylines,A functional F1 Pitlane
379,wholesomeanimemes,Baby Steps (Crawls?)
380,Kanye,Ye reveals that Drake and Pusha have a child together üò±
381,BlackPeopleTwitter,Must be in the genes
382,RimWorld,I made a little gunboat
383,goddesses,Candice Swanepoel
384,gifs,"Godspeed, Spider-Man!"
385,me_irl,me irl
386,askscience,"AskScience AMA Series: I'm Michael Abramoff, a physician/scientist, and Principal Investigator of the study that led the FDA to approve the first ever autonomous diagnostic AI, which makes a clinical decision without a human expert. AMA."
387,LiverpoolFC,Please let this catch on!
388,CampingandHiking,"The road to Keem Beach, Achill Island, Ireland. One of the fckn greatest spots I‚Äòve ever seen."
389,DeepFriedMemes,pizza time
390,marvelmemes,The Chrises
391,The_Donald,McCain &amp; The Democrats: 2008 &amp; 2018
392,environment,Trump to name climate change denier as emerging tech adviser
393,cumsluts,mmk
394,The_Dennis,"Season 13 premiere was in Westwood. After he bragged about his shirt with cats on donuts in space, the Golden God took a picture with us."
395,PeopleFuckingDying,sMaLL gIrL fOrCed tO sPin fOr EtErNiTy
396,justneckbeardthings,Incel T-Shirt
397,trashyboners,At Walmart with her 3 year old.
398,leagueoflegends,Fnatic to open a bar in Madrid specifically for hosting LoL fans during the LCS Summer Split finals.
399,MemeEconomy,Easy Profits!
400,upvoteexeggutor,Hey man welcome to my tree house
401,ArtefactPorn,"Animal shaped pendants of gold, lapis lazuli and carnelian from Mesopotamia (Eshnunna), 2900‚Äì2350 B.C.[2747x2071]"
402,drawing,I was bored in class so i drew a dragon.. (this is like the best thing i have drawn..)
403,trashy,My dads fianc√©
404,civ,Finally won a Diety game after 222 hours. Now time to do it using a real victory condition.
405,pyrocynical,Like father like son.
406,StarWarsBattlefront,"If DICE ain't going to finish the ARC Troopers as an alternative to Wookie Warriors on Geonosis, why don't use the First Order Flametrooper's animation and abilities and just replace the model and we suddenly have got the Clone Flametrooper as seen in TCW instead?"
407,dirtysmall,Hotel hookup
408,workgonewild,Made a wet spot on my chair. Oops... [F] üí¶
409,GlobalOffensive,REZ has a low trust factor
410,webcomics,Missing an ex.
411,TheLastAirbender,Me when I heard that an Avatar Kyoshi novel is coming out
412,PoliticalHumor,Cardi B knows.
413,hmm,Hmmm
414,futurama,My girlfriend‚Äôs favorite character from Futurama is the Crushinator. I tried very hard but no Crushinator merchandise existed. So I had these made
415,loseit,I'm down 25lbs in a month as of this morning
416,Unexpected,Looked up just in time
417,h3h3productions,"Saw this post while scrolling through my Facebook timeline. Sorry to be weird, but does this not look EXACTLY like our Fupa Lord and his carer?"
418,StoppedWorking,"""I've made a terrible mistake."""
419,trailerparkboys,Time to come outta retirement gnome sayin
420,aviation,Two AV-8B Harrier II from C-130 Cargo Ramp
421,AwesomeCarMods,Viper Engine inside of an old Cadillac.
422,rule34,Wendy going for a ride (Santystuff) [Wendy's]
423,pcmasterrace,Congratulations EA
424,MonsterHunterWorld,MONSTER HUNTER: WORLD :: Title Update: Deviljho added; various fixes
425,adorableporn,"Hey, Mickey, you're so fine"
426,de,Als ich die Verlustanzeige vor 2 Wochen sah war ich mir nicht sicher ob es sich um ein Witz handelte. Heute die gro√üe Erleichterung.
427,happy,After 3 years of trying to meet my best friend we finally met. This was hands down the greatest night of my life.
428,wow,[Shitpost/Fanart] When you don't want to grind rep but still want Magni to empower your Heart of Azeroth
429,BokuNoHeroAcademia,I drew the heavily requested Mecha Himiko!
430,sadcringe,Divorce selfie
431,Minecraft,Fancy crop hydration!
432,GoCommitDie,Cursed Account
433,totallynotrobots,I GOT A NEW JOB FELLOW HUMANS
434,DestinyTheGame,If you infuse the same item e.g. Better Devils into Better Devils you ONLY have to pay Glimmer and NOT all the extra materials
435,hearthstone,"I worked on a Blizzard Art Zine. Here's my piece, ""Step by Step""."
436,GWNerdy,[f] Misty just turned 18 down under! üò≥üí¶
437,ComedyCemetery,You know what I mean..
438,TumblrInAction,Falling in love with a white man is not okay.
439,GamePhysics,"[The Witcher 3, x-post from r/Witcher] In a world of magic, one man sought to defy the laws of nature"
440,WhitePeopleTwitter,I‚Äôd be pretty fuckin impressed
441,PetiteGoneWild,Does anyone want to come up to my hotel room? [F]
442,memes,This lady ain't getting any seat today.
443,StarWars,My Mara Jade Skywalker from DragonCon
444,uselessredcircle,Hmmmmmm
445,gtaonline,What GTA Online Players Think
446,GetMotivated,[IMAGE] ‚ÄúDon‚Äôt Stop Believing in Yourself‚Äù
447,collegesluts,What would you guys do with her
448,ChoosingBeggars,"Jesus, that escalated quickly"
449,CringeAnarchy,Straight white male
450,FIFA,Back in 14 when my Irish GK was having trouble with the Language in South London. Accepted an offer from Turkey 24hrs later.
451,customhearthstone,(improved by Spell Damage) has so much potential
452,entertainment,Rumor: Micheal Bay and Ryan Reynolds‚Äô New Netflix Movie is Actually Thundercats
453,Bossfight,"Ursa Titanus, Bear of a trillion tonnes"
454,NobodyAsked,Poor Jeff
455,Overwatch,Thought I was Just Hearing Things..
456,canada,The Stars Above Algonquin on Labour Day Weekend
457,criticalrole,"[No Spoilers] Jester thinks she's being flirty, Fjord thinks she may be sick."
458,hitmanimals,Rookie hitcat gets schooled by a master.
459,rarepuppers,A cheetah cub with a puppy
460,WhatsWrongWithYourDog,Pirouette of Regret
461,LivestreamFail,EKAJnbakelive
462,WTF,"Following on from the previous Daniella Westbrook post, this is how her nose looked during her coke addiction. Sectum eroded away :/ It gave me yet another reason not to do cocaine."
463,Perfectfit,The way this sticker fits inside this roll of tape
464,whitepeoplegifs,Meanwhile in Canada
465,BattlefieldV,Removal of 3D Spotting is the BEST thing DICE has done for Battlefield in years
466,hentai,Zero two showing off her body
467,dankmemes,*Oof intensifies*
468,MEOW_IRL,Meow_IRL
469,forhonor,New Conqueror Voice and Lines summarized
470,ATBGE,I have no words...
471,Music,"Tenacious D announce Dave Grohl-featuring new album and animated series, 'Post Apocalypto'"
472,brushybrushy,Owllll yeahhhhh
473,Justrolledintotheshop,It's not a tumor
474,badwomensanatomy,Try to figure this one out
475,StartledCats,The face is priceless
476,Birbs,AAAAAAAAAAAAABirb
477,Libertarian,Much better
478,doctorwho,I don‚Äôt think it‚Äôs possible to be a bigger nerd than whoever writes the X-Ray notes on Amazon Video
479,cirkeltrek,Gevonden op r/me_irl
480,PewdiepieSubmissions,hmmmm....
481,IndieGaming,Our world transition FX in Unity (uses two cameras) - Inlight game
482,CuteLittleButts,She just turned 39... whaddya think?
483,CrazyIdeas,A subscription service that gives you absolutely nothing. ¬£5 a month; or ¬£9.99 a month for the ad-free version.
484,worldnews,"Britain would now vote 59-41 to stay in the EU, new poll shows"
485,dankchristianmemes,Right-wing theology is difficult to understand
486,aww,"Thanks, puppy"
487,juicyasians,Anri Okita is amazing...
488,EnoughTrumpSpam,"Trump, acting like a child with poor impulse control, has now tweeted four separate times in the past several hours that Secretary of Defense James Mattis never said he acted like a child with poor impulse control."
489,Seattle,4 Seasons of UW's Quad
490,vexillology,"""Old"" Mexico flag in the style of New Mexico flag"
491,wholesomegifs,All pets welcome!
492,povertyfinance,"Cities can‚Äôt prosecute people for sleeping on the streets if they have nowhere else to go because it amounts to cruel and unusual punishment, which is unconstitutional, a federal appeals court said Tuesday"
493,OffensiveMemes,It‚Äôs always the kid with the Pok√©mon lunchbox.
494,nba,LeBron James says he 'stands with Nike' in reference to Colin Kaepernick
495,chelseafc,"M Alonso ""When you see the [Champions League] draw on TV, the groups and your team is not there, I felt like smashing the TV set,""""I hope it's a lesson for us to fight this year and compete for the PL and qualify for the CL"
496,nextfuckinglevel,Thor on vacation
497,Art,"Landlocked Humpback, Acrylic 16‚Äùx20‚Äù"
498,southpark,Member this iconic duo?
499,Rabbits,‚ÄúI shall sit here‚Äù
500,Boobies,Curvaceous
501,oddlysatisfying,Calming Colors
502,gonewildcurvy,"excuse me, my eyes are up here üëÄ"
503,LifeProTips,"LPT: If you notice a coworker or classmate got a haircut, compliment them on it. They are most likely feeling super self conscious on the first day back to work/school"
504,personalfinance,Do I need a credit card? I have been strongly advised against it by my parents who say its a scam and should be illegal but everything I look at says that no credit is just as bad if not worse than low credit. What should I do?
505,politics,"Trump's approval rating drop looks real, could be disaster for GOP in 2018"
506,funny,Firefox attempting to hack Windows
507,Animemes,Is this a reference?
508,ContagiousLaughter,My Wife Tells A Story
509,ClashRoyale,Buff this emoticon SC
510,dragonballfighterz,Found this on facebook and couldnt help but laugh my ass off. Credits to whoever made it!
511,NoStupidQuestions,"If every person in the world but me suddenly died, how long would my home continue to have electricity?"
512,HadToHurt,"Saw a bruise pick, thought ‚Äú800+ upvotes? Hold my cosmo...‚Äù"
513,atheism,Vice President Mike Pence quotes Bible in response to being called 'Christian supremacist'
514,technology,Study: Telecoms have been throttling YouTube and Netflix since demise of net neutrality
515,CasualConversation,A girl got mad at me because I told her that her Arabic tattoo is misspelled.
516,Tinder,Dense.
517,CrappyDesign,Don‚Äôt forget to Y.E.E.T.
518,deathgrips,MC Ride's latest haircut gone Exmilitary.
519,wifesharing,Any love for my petite wife?
520,hockey,"With 28 days left until the start of the season, here is Damon Severson destroying Brad Marchand last season."
521,FantasyPL,Request to change the sidebar picture during this international break
522,TittyDrop,Sexy Teen Drops Her Perky Tits [GIF]
523,Terraria,It still bugs me that the Eye of Cthulhu is there during the day on the cover of the game
524,sweden,En h√∂rnsten f√∂r en fullgod frukost
525,theocho,Piaggio Ape car 600cc racing
526,AmateurRoomPorn,"My 1970s inspired Hi-fi setup - Yorkshire, United Kingdom"
527,savedyouaclick,"Here's how much Colin Kaepernick will make in his controversial new ad deal with Nike, according to sports experts | They don't know and guess millions per year"
528,runescape,Jagex QA testing
529,RoomPorn,"Beautiful master bathroom with private garden view in Austin, Texas [1500 x 1000]. By Mir√≥ Rivera Architects"
530,HistoryPorn,"Time to relax and sunbathe on the beach at Bournemouth, Dorset, UK, on Bank Holiday Monday, 28 August 1944 [colourized][1080x807]"
531,notdisneyvacation,How to Raise Rabbits for Food
532,formula1,"I sent Seb some fanmail a month ago and today I got the photos back, one of them autographed and an extra one, also autographed!"
533,fantasyfootball,[Kinkhabwala]: Steelers have a team meeting at 9am. One of Le‚ÄôVeon Bell‚Äôs teammates just messaged me: no sign of him yet.
534,CatsAreAssholes,Good morning kisses
535,antiMLM,My favorite Hun
536,ArtPorn,"The Eclipse of the Sun in Venice, July 6, 1842 - Ippolito Caffi - 1800s [4134 x 2301]"
537,Catloaf,Mini Loaf
538,ShittyLifeProTips,SLPT: Steal /hot off other subs
539,shockwaveporn,Saw this and thought you‚Äôd enjoy it
540,batman,Catwoman 4 by Artgerm
541,Rainbow6,Grim sky is so much fun!
542,PrequelMemes,This is getting out of hand...
543,AnimalsBeingBros,Can't keep away
544,movies,Jonah Hill Had a Four-Hour Meeting With Martin Scorsese &amp; Got Advice From Ethan Coen Before Making Directorial Debut with A24's ‚ÄòMid90s‚Äô
545,Spiderman,Me playing the new Spider-Man game in 2002
546,pathofexile,"Please reduce sulfite cost for horizontal delving. Exploring is awesome, but way too expensive"
547,Showerthoughts,Your accent is your mouth‚Äôs font
548,Steam,TIL Steam Has a Retired Community Moderator Badge
549,greatawakening,"""Just Declassify it"""
550,socialanxiety,true solidarity
551,puns,First born
552,Celebhub,Kate Mara
553,nintendo,Switch has surpassed 5 million units in Japan
554,ToiletPaperUSA,Mr Krabs DESTROYS Spongebob with FACT and LOGIC
555,overlord,Lord Ainz when Demiurge says this is not the true extent of his plans.
556,Impeach_Trump,'We really are in Crazytown': Conservative writer argues new Trump revelations require he be removed by the 25th Amendment
557,travisscott,C'mon Travis
558,KerbalSpaceProgram,"I'm not going to get stuck on Eve, not this time | Wallpaper"
559,motorcycles,Spent July not cutting up a 1980 Goldwing
560,WhyWereTheyFilming,Kid throws garbage on bus. Gets rocked.
561,DeepFriedMemes,It really do üÖ± like that
562,AccidentalRenaissance,Rejection
563,GoneWildScrubs,Feeling a lil cheeky today.
564,vandwellers,Vanlife isn‚Äôt always mountains üòÇ
565,DotA2,Petition to add a Grimstroke soundline when planting a happy little tree!
566,AnimalTextGifs,The Masseuse
567,confessions,My favorite pair of black work pants has a small hole in the thigh area and I just use a black marker to color the skin in the hole area so I can keep wearing them.
568,pics,Inside a 1926 Rolls Royce
569,TooCuteForPorn,Processing
570,wholesomememes,When she feels safe with you &gt;&gt;
571,TooMeIrlForMeIrl,Toomeirlformeirl
572,COMPLETEANARCHY,The Real Victims of Gender Pay Gap
573,holdmycatnip,HMC while i attempt parkoure! Parkoure!!
574,furry_irl,furry_irl
575,blackcats,This handsome little shadow found his home with us last night!
576,motorcycles,Spent July not cutting up a 1980 Goldwing
577,tumblr,Reminder of great phrases for daily use
578,TooCuteForPorn,Processing
579,ShingekiNoKyojin,Clear version of cover
580,teslamotors,Took my Model 3 to the Olympic National Park
581,holdmycosmo,HMC while I take a sip...
582,gaming,The Glory Days
583,dadjokes,What did 0 say to 8?
584,xboxone,Black Ops 4 Blackout info thread
585,nosleep,I kidnapped a child and I have no regrets.
586,smashbros,Who will it be fellas? Place your bets.
587,conspiracy,Paid Soros protesters?
588,Warframe,Excalibur Umbra Art
589,bodyperfection,Elegant
590,fo76,69 days to go until release
591,The_Donald,Just triggering the brigadiers with a picture of an immigrant who loves America.
592,boltedontits,Gosh! Those are nice.
593,COMPLETEANARCHY,The Real Victims of Gender Pay Gap
594,Warthunder,"Flying directly towards the sun illuminates your gun ports, but not your air intake."
595,KidsAreFuckingStupid,This idiot
596,MemeEconomy,New highly variable format! Get in early!
597,FoodPorn,Peanut Butter Chocolate Molten Lava Cake [750√ó1125]
598,misleadingthumbnails,My green jeans ripped
599,breakingbad,Probably one of my favorite scenes
600,DungeonsAndDragons,Sometimes you have to be your own hero
601,gaming,The Glory Days
602,PeopleFuckingDying,saTanIc HUMan BurrIeS chILdRen alivE
603,The_Donald,Just triggering the brigadiers with a picture of an immigrant who loves America.
604,boltedontits,Gosh! Those are nice.
605,OldManDog,"Old man dog Sox is 12 years old, has arthritis and a melanoma in his right eye but he still looks after me when im sick &lt;3"
606,Persona5,5 of the loudest sounds known to man
607,yesyesyesyesno,So close
608,KidsAreFuckingStupid,This idiot
609,raimimemes,He was beautiful.
610,shittyfoodporn,"I used some mini pizza as taco shells and filled them with Pizza Rolls, marinara and freshly grated Parmesan"
611,tuckedinkitties,Happy with the current situation
612,eagles,You want Philly Philly?
613,MemeEconomy,New highly variable format! Get in early!
614,MonsterHunter,"[PC] Details of tomorrow's patch, including Deviljho"
615,sbubby,another logoswap
616,streetwear,[WDYWT] I dress like I own a dildo but I don't
617,voluptuous,Curvaceous
618,IASIP,I‚Äôm at the premiere in LA dressed as Dayman!
619,Bitcoin,Venezuela garbage money .. Thats why we need Decentralized Currency like BITCOIN
620,furry,Metropolis
621,books,Every Book Tour Should Include a Public School: On Making High Schools Into True Literary Spaces
622,PUBATTLEGROUNDS,Found this on the Test Server. FINALLY!
623,Overwatch_Memes,Fire in my hole
624,CatTaps,Found this beautiful wild dude just doing a lil tap dance yesterday
625,hmmm,hmmm
626,instantkarma,Taxi runs over purse thief on motorcycle
627,cosplaygirls,Boudoir Daphne by Darshelle Stevens
628,FORTnITE,Facts
629,Warhammer40k,"Started Astra Militarum. love painting guardsman, they are so rewarding!"
630,NotKenM,NotKenM on Volcanoes
631,barkour,Ultra jump
632,nsfw_gifs,A horny model
633,EarthPorn,"Thor's Well, Oregon Coast [2048x1367] [OC]"
634,ImaginaryLeviathans,Space Mpnste by Fang Xinyu
635,cyberpunkgame,"You can now upload your own images in the new chrome update, so I spiced up my search a little with some Cyberpunk"
636,Kanye,10/10. As all things should be
637,PropagandaPosters,Let's Not be Next (World War II)
638,mechanical_gifs,1967 Lincoln Continental Convertible
639,Jokes,What do you call a soldier who survived mustard gas and pepper spray?
640,WhitePeopleTwitter,It‚Äôs surprising how many people on Reddit don‚Äôt seem to understand this.
641,netflix,Rumor: Micheal Bay and Ryan Reynolds‚Äô New Netflix Movie is Actually a Thundercats Movie
642,CabinPorn,I can't wait for the snowy days to come
643,paag,If you had to choose between ass or titties?
644,greentext,Anon isn‚Äôt sick
645,offlineTV,Throwback to Janet defeating her first Raid Boss
646,lotrmemes,"Give me your name, horse master, and I shall give you mine"
647,ProRevenge,use my website and images for hosting? fine!
648,tennis,Nadal def. Thiem 0-6 6-4 7-5 6-7 7-6
649,funhaus,"Avatar 2: The Real True True, Acrylic on Panel, 11x14"
650,Guildwars2,I made this stylistic painting of Mordremoth!
651,news,Officer to tased girl: 'This is why there‚Äôs no grocery stores in the black community'
652,Grimdank,I'm not the only one who deals with this shit.
653,seinfeld,But I don‚Äôt want to be a pirate!
654,argentina,Campeonato mundial de postergar la alarma del telefono
655,videos,A Chinese farmer has built his own rocket artillery system to fight back against enforced demolition.
656,JiggleFuck,Anikka Albrite
657,trashpandas,Imma take this...
658,comedyheaven,It really do be like this
659,projectcar,All done! LS3 + Drysump + T56Magnum.
660,pcgaming,Metro Exodus RTX demo ran at 1080p 40FPS on RTX 2080 Ti
661,guns,"I half-assed my Halo Battle Rifle idea. It's ghetto, and beautiful."
662,DunderMifflin,Just the worst.
663,woooosh,Sleep sloop or slept?
664,Aquariums,:) smile!
665,DarlingInTheFranxx,DitF heroines slumber party
666,Doom,I gave doom eternal guy some sleeves
667,interestingasfuck,Inside a 1926 Rolls Royce
668,DnD,[Art] Doppelgangers are like... Mood Rings?
669,memes,Checkmate
670,yesyesyesno,Yes Plea ‚Äî wait a minute
671,FireEmblemHeroes,Fire Emblem Heroes - New Heroes!
672,2meirl4meirl,2meirl4meirl
673,engrish,Roblox have never been invent
674,Damnthatsinteresting,Do you want Green Goblins? Cause that's how you get Green Goblins.
675,hardbodies,Hottie in a hoodie
676,gatekeeping,Let them be 2000s kids
677,CFB,New Balance Names Kirk Ferentz Face of ‚ÄúJust Punt It‚Äù Campaign
678,GirlswithGlasses,Take a closer look
679,nukedmemes,Always working lmao
680,IAmA,I grew up in a polygamous cult in Utah. I escaped at age 17 to avoid an arranged marriage to my 1st cousin. AMA
681,sysadmin,Anyone Feel Like They Have a Great Job?
682,HappyEmbarrassedGirls,Satisfying
683,reallifedoodles,Super Saiyegg
684,Eyebleach,Dog nose how to love
685,HistoryMemes,"Oh boy, another winter war meme"
686,blop,Teeny sleepy puppy blop
687,Amd,Shot of the new 7mm Ryzen CPUs
688,quityourbullshit,Guy on Facebook talks up Apple
689,UrbanHell,Bronx New York my hometown
690,leagueoflegends,League doesnt encourage players to reconnect.
691,asianpeoplegifs,Asian Elon Musk got some sick moves
692,SubredditSimulator,Good boy gets to have tippytaps for the PS2 more than any flag kneeling bitch
693,casualChildAbuse,"The biggest candidate to Brazilian's president election, with 28% support in voter preference polls, Jair Bolsonaro"
694,ihavesex,I'm only 12
695,WhatsWrongWithYourDog,I think his batteries might be overcharged.
696,randomsexiness,Swan song
697,Ice_Poseidon,Ness and Yuber sure had a rough 24 hours
698,MildlyVandalised,Found on a poster in the elementary school‚Äôs stairways reminding people to walk on the right.
699,programming,Microsoft Azure suffers outage after cooling issue
700,tightdresses,Working the dock
701,LSD,Thought you guys might like this
702,MiniLadd,To celebrate Mini‚Äôs 5 million subscribers milestone I did this
703,gif,I raise that train dad joke
704,whatisthisthing,Unsolved Murder: What Car?
705,2007scape,Woox Completed The First Theatre Of Blood SOLO! Congrats!
706,forhonor,When you hear the new voice lines.
707,boottoobig,"Violets are indigo, mockumentaries are silly"
708,backpacking,Nothing better than breakfast in the mountains.
709,urbanexploration,"Went for a five mile hike and stumbled across this big thang, not super cool but I haven't found much around town yet"
710,dankmemes,"Oh no, what have I done..."
711,Stacked,Little bit of lace. Little bit of curls. Lots a bit of tits and curves.
712,todayilearned,"TIL Sweden's early history is largely unknown because there are no written documents from Sweden before the 12th century. On its formation, a Swedish history book simply states: ""How and when the Swedish kingdom appeared is not known."""
713,battlestations,Scandanavian Minimalism - My Second Battlestation
714,PetiteGoneWild,Petite and pink [F20]
715,Moviesinthemaking,Looks marvellous!
716,OSHA,Great advice
717,gwcumsluts,[F]ailing is not an option.
718,vexillology,My high school cafeteria has a flag for every nation from which a student has immigrated. We're at 112.
719,politics,These 15 House incumbents scrubbed ‚Äòrepeal Obamacare‚Äô from their re-election sites
720,LipsThatGrip,TIny chick rides well
721,arresteddevelopment,"Clearance rack in Target, looks like there‚Äôs no love for the banana stand."
722,milf,Popping Out!
723,hoi4,So that‚Äôs why I can‚Äôt get air superiority
724,danganronpa,It connects us all (OC)
725,FestivalSluts,Flowers
726,Kaiserreich,"French volunteer confronting the Cactus Jack himself in Texas, 1938, colourized"
727,ainbow,Except for that ONE sin....
728,de,Hat er ihre Ehre genommen?
729,MaliciousCompliance,Proving to upper management they are incompetent!
730,Megumin,Megumin loves explosions
731,AnimalsBeingMoms,needs a baby gate
732,Christianity,"Its been over a year since I started reading the bible daily, and my life has changed for the better!"
733,aww,SO talked me into adopting a stray... then we realized he had a brother. Didn't have the heart to separate them.
734,radiohead,"Found this picture on Facebook, needless to say it made me laugh"
735,Animemes,Harsh truth.
736,PUBG,Hows it?
737,OldSchoolCool,"Marilyn Monroe and Queen Elizabeth (both 30 at the time) meet at a movie premier in London, 1956."
738,LiverpoolFC,Liverpool are the most watched U.K. team from July 1 to August 31.
739,trees,Just did a thing üëâüòéüëâ
740,soccer,Inter Miami CF‚Äôs official crest
741,VaporwaveAesthetics,Cancer never looked so good
742,Boxing,"I am Abel Sanchez, trainer to undefeated World Middleweight Champion Gennady ""GGG"" Golovkin. Before the big rematch with Canelo Alvarez next week, I'll be here to answer your questions Thursday, September 6 at 11am ET/8am PT/4pm BT. Ask me anything!"
743,reddeadredemption,"Good morning fellow Outlaws, y'all ready for a trailer announcement today."
744,BokuNoMetaAcademia,A manly truce
745,jellybeantoes,Quincy showing off his beans!
746,MovieDetails,"In the Film Tora Tora Tora, one of the scenes where a plane blows up on the airstrip was an actual on set accident. The extras running for their lives actually were."
747,circlejerk,"It‚Äôs been a tough couple months, but I‚Äôm not done yet... happy with the progress, 420lbs to 69 lbs"
748,DDLC,Monika recently started watching Jojo... (@empihe7174 on Twitter)
749,bestoflegaladvice,üé∂ Can't stop won't stop LocationBot comin' for you Zanctmao üé∂
750,MLS,Miami Expansion Team Announces Name and Crest
751,ProgrammerHumor,IT jobs explained with a broken lightbulp
752,malelivingspace,"Bought my first home 8 months ago, finally have the living room to a halfway decent spot!"
753,vaxxhappened,Any home remedies for Tetanus? Anyone?
754,ShitPostCrusaders,Doug Dimmadome owner of the Dimmsdale Dimmadome
755,Cinemagraphs,"Rivers of lava flowing from Kilauea, Hawaii."
756,ImaginaryTechnology,Desert Rider by Sergey Vasnev
757,BoneAppleTea,[Legit] Keep us posted
758,woof_irl,woof_irl
759,HumansBeingBros,True hero
760,specializedtools,My brass instrument dent removal tools.
761,13or30,Just Your Average Middle-Aged 8 Year Old . . .
762,SpidermanPS4,So close yet so far.
763,Porsche,Last of the naturally aspirated. My new to me 2016 911.1 GTS
764,30ROCK,Just your weekly reminder
765,Portland,Anyone in NE Portland looking for a roommate?
766,Patriots,How many days till the first game?
767,detroitlions,I buried my wife month ago. She was a huge Lions fan. Do you like what I special ordered for her?
768,wallstreetbets,Elon Musk to appear on Joe Rogan podcast today. Prepare for CHAOS!
769,stevenuniverse,Temple Fanart!
770,ComedyCemetery,üòéAttack on titan fans üòé
771,GoCommitDie,alexa pley Gucci gang
772,exmormon,It finally happened. One my LDS friends asked me why I can't leave the church alone and that if I did I'd be happier on one of my FB posts. Here is my response.
773,MorbidReality,"Eyes gouged, private parts doused in acid: 9-year-old gang-raped, murdered in Kashmir"
774,ExpectationVsReality,Not bad
775,DestinyTheGame,I helpful little hint to bump your overall light if one item is holding you back
776,Shitty_Car_Mods,Is this exhaust big enough?
777,oddlysatisfying,A Mahjong Table
778,curvy,You guys showed me a lot of love on my first post that as promised here's another one. Do you like me back side too? It's hard to fit it all in the camera. I need a selfie stick lol
779,CryptoCurrency,"BYD, One of the Largest Chinese Car Brands and World‚Äôs Top Selling Plug-In Electric Car Manufacturer, Is Further Tackling Carbon Emission Imbalances by Partnering with DNV GL and VeChain, Completing Blockchain Based Proof of Concept and is Mass-Production Ready"
780,absolutelynotmeirl,Absolutely not me irl
781,Battlefield,"In Battlefield V, when you get a killstreak as a sniper your character will start to verbally count their kills"
782,me_irlgbt,me_irlgbt
783,AteTheOnion,Vicious and stupid
784,WTF,Chronic cocaine addiction‚Äôs external effects as demonstrated by Daniella Westbrook. No drugs are ‚Äúhigh class‚Äù.
785,PewdiepieSubmissions,Finally!
786,CrossStitch,[FO] I finished my first real project! Small and easy but couldn't be more proud.
787,theydidthemath,[Request] The actual length of the Rose Route Marathon as shown in the final episode of Portlandia
788,adventuretime,"Happy Birthday to the voice of Jake, John DiMaggio"
789,nba,"Took a family vacation in Melbourne, Australia and got to see the Ben Simmons mural on Hosier Lane."
790,TrumpCriticizesTrump,Only the Obama WH can get away with attacking Bob Woodward. (1 March 2013)
791,ImGoingToHellForThis,Zip Zop Zoobity Bop
792,damngoodinterracial,Pass Me Around
793,GlobalOffensive,Perfect mirage loop
794,pyrocynical,i spent far too much time making this
795,japanpics,"Rain, Yukata, Asakusa."
796,DotA2,You guys hyped for new season and i am waiting for this.
797,Embroidery,"My first embroidery project, I learned so much that I kind of want to go at it again!"
798,Blackops4,Array and Diner from Tranzit in Blackout.
799,Thisismylifemeow,Help
800,mountandblade,"Due to events of the past week, this is now my #1 recommended YouTube mix"
801,ABoringDystopia,"Wow, American Healthcare is ass, what a surprise..."
802,greatawakening,"Symbolism will be their downfall. Mark Parker, CEO of Nike."
803,cursedimages,Cursed_selfie
804,PraiseTheCameraMan,A choice was made
805,polandball,Islands
806,antiassholedesign,Photoshop lets you use the soft ware one last time after your subscription expires
807,PrequelMemes,No one on bloody earth saw this coming.
808,ilikthebred,Dis mai duc
809,me_irl,meüò∫irl
810,PuppySmiles,Bentley's smile lights up every single room
811,thanosdidnothingwrong,I've been slaving all day
812,wholesomememes,Drax speaking wholesome advice
813,CODZombies,Diner from Tranzit in Blackout (along with Array from BO1 MP)
814,BigBoobsGW,Pop em on out!
815,ireland,Funny way to spell the British
816,FashionReps,The reason why I'll never stop buying reps
817,funsized,Pale girls taking turns riding
818,BiggerThanYouThought,Stuffed in
819,FullScorpion,Parkour!
820,TooAfraidToAsk,Raised racist and living in a racist community - how can I stop my already existing racist tendencies and prevent them from happening?
821,AccidentalComedy,"My last name is White. After buying a shirt from this site, it came up with some interesting auto-generated shirts based on my name."
822,disneyvacation,How to Nonchalantly Calibrate Your Laser Vision for Optimal Lethality of Your Target
823,LabiaGW,Why not? ;)
824,creepyPMs,duoed this guy for about 2 weeks in league of legends and he starting sexting me random stuff in the chat
825,MostBeautiful,"Palace of Winds, Jaipur, Rajasthan, India"
826,Simulated,Failed Experiment[OC]
827,trashy,"Girl I went to high school with and her friend babysitting someone else‚Äôs child, she was always an awful human so this isn‚Äôt surprising to anyone who knew her. She has a child of her own now too. Pure trash."
828,chemicalreactiongifs,Okay so what the hell is going on here? Can a Walter White explain
829,BreedingMaterial,Wish I was covered and full with your seed instead. [OC]
830,MGTOW,Tech Support &gt; Child Support
831,AnimalsBeingBros,My dog has some shooting skills!
832,BreadStapledToTrees,My first
833,analog,neon. [Canon A1 | Kodak Ultramax 400]
834,StuffOnCats,My parents‚Äô cat cow has a lot of room to place stuff upon
835,DesignPorn,Aston Martin Vanquish Zagato rear headlight
836,hacking,In case of cyberattack....
837,LatinaCuties,Jazmin Madrigal
838,Warhammer,Absolutely incredible 54mm Night Lord converted from the Captain Artemis Inquisitor-scale model. Unrecognisable!
839,confession,[Light] I crashed a brand new Ford Mustang at a test drive event hosted by Ford
840,2busty2hide,By the river
841,IsTodayFridayThe13th,Is Today Friday the 13th?
842,learnart,Latex hands: my first attempt two years ago and my most recent attempt!
843,NotMyJob,Printed the ticket boss!
844,natureismetal,False Jaw
845,woahdude,Picture I made that seems out of focus the farther away you hold it from your face! What do you guys think?
846,blender,Recreated a NY Cafe building in 3D
847,DeepFriedMemes,R Jackson
848,baseball,Huge L flag flown off the left field bleachers after the Brewers beat the Cubs 11-1
849,raining,"A little rain in Cheongju, South Korea."
850,pettyrevenge,"The customer is always right, it's the law?"
851,oddlyterrifying,Squirrel
852,asshole,Post gym snack
853,worldpolitics,Google Won‚Äôt Tell Congress If It‚Äôs Working With China on Censored Search Engine
854,NSFWFunny,"Fact: Take a girl on a boat, ANY boat, and she'll suck your dick."
855,bangtan,180905 BTS takes 3rd win for ‚ÄúIDOL‚Äù on Show Champion even without attendance and performance
856,tumblr,Braces during the apocalypse
857,dankchristianmemes,Nailed it!
858,teenagers,no
859,steelers,The ever hostile environment of the...
860,BlackPeopleTwitter,Sharing is caring
861,Bossfight,Beware if thee be thot
862,mildlyinteresting,My local ice cream ahop has printed memes as advertisements.
863,The_Donald,Basically What Happened In The Kavanaugh Hearing
864,DevilMayCry,"So, uh... Apparently this is a thing."
865,splatoon,A Nintendo Direct has been confirmed for 9/6 at 3pm PT
866,FortniteCompetitive,Made a small video showcasing edits/building with my disability!
867,Gamingcirclejerk,Dae women have periods XD
868,Naruto,Imagine if nike went with this ad
869,homestead,"Canning haul for the year, all home grown fruits and veggies. Still have to do apples yet."
870,hugeboobs,Arms Raised in the Shower
871,rupaulsdragrace,The Hall of Fame we need but don't deserve yet
872,PS4,Spider-Man Platinum Trophy has no missables and isn't linked to difficulty
873,NYGiants,You know what to do
874,reddevils,George Best will be an ICON in FIFA 19
875,BeforeNAfterAdoption,"Hungry and scared, she picked the right home when looking for food. Had to remove both her eyes but thankfully she doesn‚Äôt wander anymore now that she‚Äôs at her forever home ‚ô•Ô∏è"
876,firstworldanarchists,Vegan tray for my pepperoni melt
877,Anticonsumption,Nestle says slavery reporting requirements could cost customers
878,redditgetsdrawn,I'd love to see what you can make of this pic of me and my cat Momo!
879,Suomi,Kuninkaallinen sukupuolenvaihtoleikkaus?
880,MrRobot,"Rami Malek on the ending of Mr. Robot: ""I knew as much in the beginning as I know now..."""
881,insanepeoplefacebook,"""Hope this helps"""
882,onejob,"Bridge is finished, boss!"
883,BikiniBottomTwitter,I can feel the struggle just by thinking about it
884,FrankOcean,i love this tweet
885,twinks,I flashed my butt outside the changing booth once too ;*
886,shield,Only the second time ever that product placement has worked on me
887,starcraft,Congratulations to the first GSL Season 3 finalist!
888,FortNiteBR,This would be awesome!
889,Unity3D,Neutron star with particle attractor and some other effects I cycle through.
890,ShittyLifeProTips,SLPT: Best advice
891,ik_ihe,ik ihe
892,lakers,My minimal LABron Piece
893,chairsunderwater,According to the mods I'm allowed to post seats underwater and this motorbike has one (if it's actually not allowed I'll remove it)
894,youtubehaiku,[Meme][Poetry] Drunk Man - Break the Targets!
895,hmmm,hmmm
896,harrypotter,Am I the only one who actually think Ron and Hermione were a good couple?
897,watchpeoplesurvive,Brown Pants
898,SCP,I made some SCP-1471 fan art!
899,funny,"After a 3 hour weather delay from Kansas City to Chicago, this guy really welcomed us home!"
900,worldnews,Justin Trudeau indicates he will not bend on key NAFTA demands at talks
901,curledfeetsies,A very shy neighbourhood cat I've suceeded in befriending üòª
902,fantasyfootball,Le'Veon Bell Mega Thread
903,food,"[PRO/CHEF] Southern fried chicken sandwich with 3 cheese buffalo mac n cheese, Filthy Frank sauce, bacon crumble, fresh spinach and parsley garnish"
904,bigtiddygothgf,Hiii. Some titties here.
905,Minecraft,I'm really enjoying this mini forge I built! Cosy.
906,LadyBoners,Manny Jacinto from The Good Place
907,WhatsWrongWithYourCat,he's spontaneous
908,starcitizen,"Concierge VS New Backer, Day 7"
909,PornhubComments,Hate it when that happens
910,lifeisstrange,[NO SPOILERS] Chloe and Max as Marceline and PB (by @despairridden)
911,KotakuInAction,Evergreen State College president apologizes for professors who used state vehicles to shuttle students to a protest
912,gaming,I think I‚Äôm about to squirtle
913,fivenightsatfreddys,Become one
914,PlantedTank,"I had left over Dwarf Baby Tears, so i planted them in this little wine glass on my desk."
915,BlueMidterm2018,"Obama to Join Midterm Battle, Starting in California and Ohio"
916,StarWars,true
917,Jokes,Crazy ex-girlfriends are like a box of chocolate
918,Miata,I dropped my first transmission today
919,Watches,[Orient] Neo70s Solar Chronograph (WV0041TX)
920,indianpeoplefacebook,WhatsApp review.
921,paydaytheheist,The Dentist will PAY for what he did to Jesse! and Bain!
922,MassiveCock,Day off = clothes off
923,teefies,Always confused teefies
924,Floof,He had to get his leg shaved for an IV. Proof he is 98% floof
925,redheads,Sexy dress
926,formula1,Hand drawn digital painting of Kimi
927,blackmagicfuckery,Maybe he‚Äôs a fire bender.
928,marvelstudios,Gwyneth Paltrow to reprise role as Pepper Potts in Spider-Man: Far From Home
929,DankMemesFromSite19,Dr bright memes
930,disney,I baked a ‚ÄúPrincess Jasmine‚Äù Apple Pie
931,relationship_advice,"My (38f) brother (36m) stole $50,000 from me. Should I take him to court or walk away and never talk to him again?"
932,dontputyourdickinthat,mr potato head
933,gravityfalls,"Which one of you did this all the way out in Sibiu, Romania??"
934,CityPorn,"Skyline of Seoul, South Korea, at dusk [3648√ó2052]"
935,TessaFowler,Wet Tessa
936,NewOrleans,"You have a beautiful city, even in the rain. Maybe especially in the rain. Thank you for this weekend!"
937,madlads,Found on a friends FB feed.
938,gifs,Just a watermelon
939,Blep,‚ÄúUghhh how much catnip did I have last night?‚Äù Blep
940,anal,Mellanie Monroe
941,brisbane,Thanks translink...
942,fo4,Discovered you can destroy the rocks that behemoths throw at you.
943,antiMLM,Younique hun gets her hand slapped by Facebook üòÇ
944,JUSTNOFAMILY,Update to My JNSIL trying to hijack my wedding
945,brasil,"Puts, fudeu galera, a melhor hashtag que o brasil j√° criou foi apropriada"
946,ScottishPeopleTwitter,whit about the dug?
947,Konosuba,An Angel
948,moviescirclejerk,Petition To Change Upvotes To The MCU Logo and Downvotes To The DCEU Logo
949,KnightsOfPineapple,Thought you guys would like my new phone case!
950,mildlyinfuriating,Silver car ruining everything
951,thebachelor,No lies detected.
952,forbiddensnacks,forbidden waffle
953,Perfectfit,Pretty much made for extra sausage
954,fatestaynight,Shirou's Angels
955,Skookum,I love the engineering that allows one handle to operate 10 dogs.
956,melbourne,Update (Palmer 4.0) at Victoria St
957,gifsthatendtoosoon,Hey baby
958,interestingasfuck,Impressive paper work
959,JonTron,When Jon finally uploads a new video.
960,texas,"Yeah, Texas skies and landscapes get posted a lot, but I don't care. They deserve it."
961,Stellaris,Rogue servitors in Le Guin
962,wholesomegreentext,anon is happy
963,PenmanshipPorn,"After years of lusting over the posts here, my hand finally made this. I stared at it in awe for a good few minutes."
964,adorableporn,she came
965,Bondage,Black boots in bed
966,halo,Arby and the chief is saved!!!!
967,Amateur,I keep [f]orgetting about this sub. Shame on me.
968,stockings,Proper Presents
969,Browns,Hard Times In Akron
970,grandorder,And the black cat goes nyan!
971,alexandradaddario,Interview
972,pokemongo,Found a shiny Pineco while washing the dishes
973,news,"India stepmother arrested for 'ordering' gang rape of girl, 9"
974,bertstrips,"He was created by Jim Henson, so maybe it could be viable?"
975,IdiotsFightingThings,Fight watermelon the hard way
976,memes,Jake issa god
977,Tinder,Don‚Äôt do drugs
978,worldbuilding,"The Wolf, the Bear and the Worm"
979,samoyeds,ACHOO
980,AsianCuties,Whoops
981,ethtrader,C'mon do something....
982,dankruto,Bring back Naruto running
983,smashbros,Tired of lugging around a CRT and GameCube
984,creepy,Umbra
985,whenitgoesin,...deeper!
986,TheDepthsBelow,What I always think is just outside my field of view in the water.
987,cosplaygirls,Genji Cosplay - SaberCreative
988,wallpaper,Dark Wallpaper [1920√ó1080]
989,physicsgifs,We're landing on a comet. This is how we got to it.
990,Lovecraft,RE: Lovecraft Providence Statue Project // --&gt; STATUE IS DONE!
991,comicbooks,"Annihilation - Nova #2 (Nova vs Drax), Cover Art by Gabriele Dell'Otto"
992,ffxiv,A mess in copics
993,SubredditDrama,Drama breaks out in r/Games when the IOC deems E-Sports too violent to be featured in the Olympics
994,motorcycles,Before and After BMWr100
995,donaldglover,"My ""Feels Like Summer"" art!"
996,Fishing,Beautiful Cutthroat Trout from last night.
997,linux,Firefox 62.0 Released
998,pcmasterrace,Microsoft in a nutshell
999,Damnthatsinteresting,Terminator Recreation
